{
    "name"              : "[COLOR aqua]MK[/COLOR]_[COLOR red]Film/Serie SL123[/COLOR]",
    "plugin"            : "plugin.video.mandrakodi",
    "priority"          : 100,
	"is_resolvable"     : "true",
    "assert": {
        "play_movie"    : ["title","year"],
        "play_episode"  : ["showname","season","episode"],
        "search_movie"  : ["title"],
        "search_episode": ["showname"]
	},
    "play_movie": [
        "plugin://plugin.video.mandrakodi/?action=getExtData2&url=https%3A%2F%2Ftest34344.herokuapp.com%2Ffilter.php%3FnumTest%3DA1A332A%26search%3D",
        {"keyboard": "{title}"},
		{"dialog": "true", "strict": "true", "label": "{title}", "title": "(?i)^.*{title}.*$"},
		{"return": "true", "title": "(?i)^.*PLAY.*$"},
		{"return": "true", "title": "(?i)^.*{title}.*$"},
		{"title": "(?i)^.*(mixdrop|supervideo|dropload|streamtape|doodstream).*$"},
		{"return": "true", "title": "(?i)^.*(LINK|{title}).*$"},
		{"dialog": "true", "strict": "true", "label": "{title}"}
    ],
    "play_episode": [
        "plugin://plugin.video.mandrakodi/?action=getExtData2&url=https%3A%2F%2Ftest34344.herokuapp.com%2Ffilter.php%3FnumTest%3DA1A332A%26mode%3D1%26search%3D",
        {"keyboard": "{showname}"},
        {"dialog": "true", "strict": "true", "label": "{showname}", "title": "(?i)^.*{showname}.*$"},
        {"title": "(?i)^(.*STAGIONE {season}.*|.*{showname}.*|.*{season}.*{episode}.*)$"},
		{"return": "true", "title": "(?i)^.*PLAY.*$"},
		{"title": "(?i)^.*{season}.*{episode}.*$"},
		{"return": "true", "title": "(?i)^.*PLAY.*$"},
		{"dialog": "true", "strict": "true", "label": "{title}"}
    ],
    "search_movie": [
        "plugin://plugin.video.mandrakodi/?action=getExtData2&url=https%3A%2F%2Ftest34344.herokuapp.com%2Ffilter.php%3FnumTest%3DA1A332A%26search%3D",
        {"keyboard": "{title}"},
		{"dialog": "true"},
		{"dialog": "true"}
		
    ],
    "search_episode": [
        "plugin://plugin.video.mandrakodi/?action=getExtData2&url=https%3A%2F%2Ftest34344.herokuapp.com%2Ffilter.php%3FnumTest%3DA1A332A%26mode%3D1%26search%3D",
        {"keyboard": "{showname}"},
		{"dialog": "true"}
    ],
	    "fallback": {
        "play_movie": "Mandrakodi_player_film_serie_SL1230.json search_movie",
        "play_episode": "Mandrakodi_player_film_serie_SL1230.json search_episode"
    }
}