{
    "name"              : "[COLOR aqua]WLTV[/COLOR]_[COLOR red]Film/Serie[/COLOR]",
    "plugin"            : "plugin.video.wltvhelper",
    "priority"          : 100,
	"is_resolvable"     : "true",
    "assert": {
        "play_movie"    : ["title","year"],
        "play_episode"  : ["showname","season","episode"],
        "search_movie"  : ["title"],
        "search_episode": ["showname"]
	},
    "play_movie": [
        "plugin://plugin.video.wltvhelper/vodmanager/showsearch/None/MOVIES",
        {"keyboard": "{title}"},
        {"return": "false", "title": "(?i)^.*{title}.*{year}.*$"}
    ],
    "play_episode": [
        "plugin://plugin.video.wltvhelper/vodmanager/showsearch/None/SERIES",
        {"keyboard": "{showname}"},
        {"return": "true", "title": "(?i)^.*{showname}.*S.*{season}.*E.*{episode}.*$"},
        {"dialog": "true", "strict": "true", "label": "{title}"}
    ],
    "search_movie": [
        "plugin://plugin.video.wltvhelper/vodmanager/showsearch/None/MOVIES",
        {"keyboard": "{title}"},
        {"dialog": "true"}
    ],
    "search_episode": [
        "plugin://plugin.video.wltvhelper/vodmanager/showsearch/None/SERIES",
        {"keyboard": "{showname}"},
        {"dialog": "true"}
    ],
	"fallback": {
        "play_movie": "WLTV_player.json search_movie"
    }
}