{
    "name"              : "[COLOR blue]s4me[/COLOR]_[COLOR coral]1337x(tor)[/COLOR]",
    "plugin"            : "plugin.video.s4me",
    "priority"          : 98,
	"is_resolvable"     : "false",
    "search_movie": [
        "plugin://plugin.video.s4me/?action=search&channel=1337x",
        {"keyboard": "{title}"},
		{"dialog": "true"}
    ],
    "search_episode": [
        "plugin://plugin.video.s4me/?action=search&channel=1337x",
        {"keyboard": "{showname}"},
		{"dialog": "true"}
    ]
}