{
    "name"              : "[COLOR blue]s4me[/COLOR]_[COLOR blue]CasaCinema[/COLOR]",
    "plugin"            : "plugin.video.s4me",
    "priority"          : 100,
	"is_resolvable"     : "false",
	"make_playlist"     : "upnext",
    "assert": {
        "play_movie"    : ["!title","year"],
        "play_episode"  : ["showname","season","episode"],
        "search_movie"  : ["!title"],
        "search_episode": ["!showname"]
	},
    "play_movie": [
        "plugin://plugin.video.s4me/?eyJhY3Rpb24iOiJzZWFyY2giLCJjaGFubmVsIjoiY2FzYWNpbmVtYSIsImluZm9MYWJlbHMiOnsibWVkaWF0eXBlIjoidW5kZWZpbmVkIn19",
        {"keyboard": "{title}"},
        {"dialog": "true", "strict": "true", "label": "{title}", "title": "(?i)^(\\[.*\\])?.*{title}.*(\\[.*\\])?$", "year": "{year}"}
    ],
    "play_episode": [
        "plugin://plugin.video.s4me/?eyJhY3Rpb24iOiJzZWFyY2giLCJjaGFubmVsIjoiY2FzYWNpbmVtYSIsImluZm9MYWJlbHMiOnsibWVkaWF0eXBlIjoidHZzaG93In19",
        {"keyboard": "{showname}"},
        {"title": "(?i)^{showname}$", "year": "({showyear}|{year})"},
        {"season": "^{season}$", "episode": "^{episode}$"}
    ],
    "search_movie": [
        "plugin://plugin.video.s4me/?eyJhY3Rpb24iOiJzZWFyY2giLCJjaGFubmVsIjoiY2FzYWNpbmVtYSIsImluZm9MYWJlbHMiOnsibWVkaWF0eXBlIjoidW5kZWZpbmVkIn19",
        {"keyboard": "{title}"},
		{"dialog": "true"}
    ],
    "search_episode": [
        "plugin://plugin.video.s4me/?eyJhY3Rpb24iOiJzZWFyY2giLCJjaGFubmVsIjoiY2FzYWNpbmVtYSIsImluZm9MYWJlbHMiOnsibWVkaWF0eXBlIjoidHZzaG93In19",
        {"keyboard": "{showname}"},
		{"dialog": "true"}
    ],
    "fallback": {
        "play_movie": "S4Me_ricerca1.json play_movie",
        "play_episode": "S4Me_ricerca1.json play_episode"
    }
}